Belle chambre d'h√¥te,Private room in townhouse,‚Ç¨35,Evelyne,(301 reviews),4.97,"['2 guests', '1 bedroom', '1 bed', '1 shared bath', '\U000f0004\n301 Reviews', '\U000f0019\nVerified']"
"Bel appartement coeur de ville, au calme",Entire home,‚Ç¨60,Sandra,(39 reviews),4.95,"['3 guests', '1 bedroom', '2 beds', '1 bath', '\U000f0004\n203 Reviews', '\U000f0019\nVerified']"
studio entre le vieux port et le march√©,Entire home,‚Ç¨49,J√©r√¥me & Malika,(194 reviews),4.66,"['2 guests', '1 bedroom', '1 bed', '1 bath', '\U000f0004\n194 Reviews']"
Suite ind√©pendante avec vue sur piscine,Private room in bed and breakfast,‚Ç¨40,Bruce,(114 reviews),4.91,"['2 guests', '1 bedroom', '1 bed', '1 private bath', '\U000f0004\n114 Reviews', '\U000f0019\nVerified']"
Bateau hyper centre La Rochelle (PRINCESS),Entire home,‚Ç¨39,Ubblo,(224 reviews),4.65,"['2 guests', '1 bedroom', '2 beds', 'Half-bath', '\U000f0004\n859 Reviews', '\U000f0019\nVerified']"
Maisonette proche hyper centre avec parking,Entire home,‚Ç¨38,Anne Jessica,(60 reviews),4.53,"['2 guests', '1 bedroom', '0 beds', '1 bath', '\U000f0004\n60 Reviews']"
"Studio 26m2 avec vue sur mer, proche centre ville",Entire home,‚Ç¨28,Sami,,,"['2 guests', '1 bedroom', '1 bed', '1 bath']"
Chambre dans quartier tranquille,Private room in townhouse,‚Ç¨27,St√©phanie,(45 reviews),4.93,"['1 guest', '1 bedroom', '1 bed', '1 shared bath', '\U000f0004\n141 Reviews', '\U000f0019\nVerified']"
Chambre la Rochelle (Lagord) avec petit d√©jeuner.,Private room in house,‚Ç¨45,Evelyne,(136 reviews),4.94,"['2 guests', '1 bedroom', '1 bed', '1 private bath', '\U000f0004\n150 Reviews', '\U000f0019\nVerified']"
Beau 2 pi√®ces avec terrasse et garage + v√©los,Entire home,‚Ç¨60,Sandra,(164 reviews),4.9,"['3 guests', '1 bedroom', '2 beds', '1.5 baths', '\U000f0004\n203 Reviews', '\U000f0019\nVerified']"
Chambre priv√©e La Rochelle centre,Private room in apartment,‚Ç¨35,Laurent Et K√©vin,(73 reviews),4.5,"['2 guests', '1 bedroom', '1 bed', '1 shared bath', '\U000f0004\n73 Reviews']"
Chambre/sdb priv√©e chez l'habitant centre ville LR,Private room in townhouse,‚Ç¨38,Aliz√©,(162 reviews),4.83,"['4 guests', '1 bedroom', '2 beds', '1 private bath', '\U000f0004\n162 Reviews', '\U000f0019\nVerified']"
Appartement La Rochelle Vieux Port Class√© 2*,Entire home,‚Ç¨45,Laurent,(78 reviews),4.74,"['3 guests', '1 bedroom', '1 bed', '1 bath', '\U000f0004\n415 Reviews', '\U000f0019\nVerified']"
Chambre de charme en centre ville,Private room in townhouse,‚Ç¨40,Sylvie,(425 reviews),4.57,"['2 guests', '1 bedroom', '1 bed', '1 shared bath', '\U000f0004\n425 Reviews', '\U000f1101\n1 Reference', '\U000f0019\nVerified']"
"Maison √† La Rochelle, vieux port et aquarium √† 2km",Entire home,‚Ç¨65,Adeline,(407 reviews),4.48,"['5 guests', '1 bedroom', '3 beds', '1 bath', '\U000f0004\n407 Reviews', '\U000f0019\nVerified']"
Appartement de charme La Rochelle centre (65m2),Entire home,‚Ç¨55,Charles,(47 reviews),4.19,"['4 guests', '2 bedrooms', '2 beds', '2 baths', '\U000f0004\n300 Reviews', '\U000f0019\nVerified']"
Appartement hyper centre dans un lieu historique,Entire home,‚Ç¨50,Mathieu,(241 reviews),4.87,"['3 guests', '1 bedroom', '2 beds', '1 bath', '\U000f0004\n241 Reviews', '\U000f0019\nVerified']"
La Rochelle - Chambre ind√©pendante&petit dejeuner,Private room in townhouse,‚Ç¨48,Vincent & C√©line,(24 reviews),4.92,"['2 guests', '1 bedroom', '1 bed', '1 private bath', '\U000f0004\n24 Reviews', '\U000f0019\nVerified']"
Charmant appartement hyper-centre historique,Entire home,‚Ç¨75,V√©ronique,(18 reviews),4.67,"['4 guests', '1 bedroom', '3 beds', '1 bath', '\U000f0004\n310 Reviews', '\U000f0019\nVerified']"
Agr√©able T2 Les Minimes La Rochelle parking,Entire home,‚Ç¨52,Blanche,(53 reviews),4.52,"['4 guests', '2 bedrooms', '2 beds', '1 bath', '\U000f0004\n78 Reviews']"
Appartement on the beach for 4 to 6 persons,Entire home,‚Ç¨100,Christina,(291 reviews),4.76,"['6 guests', '2 bedrooms', '4 beds', '1 bath', '\U000f0004\n291 Reviews', '\U000f0019\nVerified']"
Agr√©able T2 Les Minimes La Rochelle parking,Entire home,‚Ç¨52,Blanche,(53 reviews),4.52,"['4 guests', '2 bedrooms', '2 beds', '1 bath', '\U000f0004\n78 Reviews']"
APPARTEMENT *** TERRASSE - CENTRE HISTORIQUE,Entire home,‚Ç¨59,Xavier,(26 reviews),4.69,"['2 guests', '1 bedroom', '1 bed', '1 bath', '\U000f0004\n76 Reviews', '\U000f0019\nVerified']"
"Maison cosy, √† deux pas du port et de l'aquarium",Entire home,‚Ç¨110,Valentine,(100 reviews),4.38,"['6 guests', '2 bedrooms', '4 beds', '1 bath', '\U000f0004\n266 Reviews', '\U000f0019\nVerified']"
APPARTEMENT *** BOHEME CHIC - CENTRE HISTORIQUE,Entire home,‚Ç¨59,Xavier,,,"['2 guests', '1 bedroom', '1 bed', '1 bath', '\U000f0004\n76 Reviews', '\U000f0019\nVerified']"
Escale La Rochelle - Chambre priv√©e ind√©pendante,Private room in house,‚Ç¨55,Delphine,(214 reviews),4.75,"['2 guests', '1 bedroom', '1 bed', '1 private bath', '\U000f0004\n219 Reviews', '\U000f0019\nVerified']"
Chambre au calme proche de la mer,Private room in house,‚Ç¨44,Annie,(289 reviews),4.94,"['2 guests', '1 bedroom', '1 bed', '1 private bath', '\U000f0004\n289 Reviews', '\U000f0019\nVerified']"
chambre independante,Entire home,‚Ç¨32,Josiane,(78 reviews),4.56,"['2 guests', '1 bedroom', '1 bed', '1 bath', '\U000f0004\n105 Reviews', '\U000f0019\nVerified']"
Chambre d'h√¥tes proche La Rochelle THE LODGE 17138,Entire home,‚Ç¨62,Nathalie Et Yannick,(71 reviews),5,"['2 guests', '1 bedroom', '1 bed', '1 bath', '\U000f0004\n71 Reviews', '\U000f0019\nVerified']"
type gite dans un site naturel,Entire home,‚Ç¨60,Carole,(226 reviews),4.79,"['4 guests', '1 bedroom', '2 beds', '1 bath', '\U000f0004\n226 Reviews', '\U000f0019\nVerified']"
Appartement T3 45m¬≤ Hyper Centre La Rochelle,Entire home,‚Ç¨115,Manon Et Nicole,(230 reviews),4.88,"['4 guests', '2 bedrooms', '2 beds', '1 bath', '\U000f0004\n295 Reviews', '\U000f0019\nVerified']"
Altantique 2,Entire home,‚Ç¨145,Isabelle,(70 reviews),4.81,"['5 guests', '2 bedrooms', '4 beds', '1 bath', '\U000f0004\n75 Reviews', '\U000f0019\nVerified']"
2 chambres douillettes et confortables,Private room in house,‚Ç¨32,Gaele,(24 reviews),4.79,"['3 guests', '2 bedrooms', '2 beds', '1 shared bath', '\U000f0004\n24 Reviews', '\U000f0019\nVerified']"
STUDIO MEUBLE AU C≈íUR DE VIE DE LA ROCHELLE,Entire home,‚Ç¨50,Corinne,(34 reviews),4.39,"['3 guests', '1 bedroom', '1 bed', '1.5 baths', '\U000f0004\n34 Reviews', '\U000f0019\nVerified']"
Bateau hyper centre La Rochelle (RIPTIDE),Entire home,‚Ç¨39,Ubblo,(163 reviews),4.42,"['2 guests', '1 bedroom', '1 bed', 'Half-bath', '\U000f0004\n859 Reviews', '\U000f0019\nVerified']"
Maison bleue,Private room in house,‚Ç¨30,Sarah,(68 reviews),4.79,"['2 guests', '1 bedroom', '1 bed', '1 shared bath', '\U000f0004\n68 Reviews', '\U000f0019\nVerified']"
Maison de caract√®re avec jardin et terrasses,Entire home,‚Ç¨190,Valentine,(51 reviews),4.76,"['7 guests', '3 bedrooms', '3 beds', '2 baths', '\U000f0004\n266 Reviews', '\U000f0019\nVerified']"
Studio Atypique sous les toits proche Vieux Port,Entire home,‚Ç¨46,Emmanuel,(24 reviews),4.17,"['1 guest', '1 bedroom', '1 bed', '1 bath', '\U000f0004\n111 Reviews', '\U000f0019\nVerified']"
Studio charmant proche La Rochelle,Entire home,‚Ç¨35,Aur√©lien,(73 reviews),4.7,"['2 guests', '1 bedroom', '1 bed', '1 bath', '\U000f0004\n73 Reviews', '\U000f0019\nVerified']"
Charmant appartement hyper-centre historique,Entire home,‚Ç¨75,V√©ronique,(18 reviews),4.67,"['4 guests', '1 bedroom', '3 beds', '1 bath', '\U000f0004\n310 Reviews', '\U000f0019\nVerified']"
Appartement au coeur de La Rochelle,Entire home,‚Ç¨60,Marie,(30 reviews),4.4,"['4 guests', '1 bedroom', '2 beds', '1 bath', '\U000f0004\n298 Reviews', '\U000f0019\nVerified']"
T1 meubl√© aux portes de La Rochelle,Entire home,‚Ç¨45,Isabelle,(102 reviews),4.91,"['2 guests', '1 bedroom', '1 bed', '1 bath', '\U000f0004\n103 Reviews', '\U000f0019\nVerified']"
Volver Chambre sur le port,Private room in apartment,‚Ç¨25,Alejandra,(3 reviews),4,"['2 guests', '1 bedroom', '1 bed', '1 shared bath', '\U000f0004\n191 Reviews', '\U000f0019\nVerified']"
Une petite chambre dans un chalet,Private room in chalet,‚Ç¨49,Mireille,(206 reviews),4.55,"['2 guests', '1 bedroom', '1 bed', '1 private bath', '\U000f0004\n206 Reviews', '\U000f0019\nVerified']"
Appartement calme √† La Rochelle,Entire home,‚Ç¨125,Vahram,(26 reviews),4.96,"['7 guests', '3 bedrooms', '5 beds', '1 bath', '\U000f0004\n26 Reviews']"
Studio de charme sur le vieux port de la Rochelle,Entire home,‚Ç¨100,Julien,(7 reviews),4.86,"['2 guests', '1 bedroom', '1 bed', '1 bath', '\U000f0004\n7 Reviews', '\U000f0019\nVerified']"
"STUDIO avec terrasse √† 10 mn de La Rochelle, R√©.",Entire home,‚Ç¨35,Katy,(4 reviews),4.75,"['3 guests', '1 bedroom', '1 bed', '1 bath', '\U000f0004\n4 Reviews', '\U000f0019\nVerified']"
Appartement calme au bord de l'oc√©an,Entire home,‚Ç¨90,B√©a,(7 reviews),4.71,"['6 guests', '2 bedrooms', '2 beds', '1 bath', '\U000f0004\n165 Reviews', '\U000f0019\nVerified']"
Charmante maison bien situ√©e,Entire home,‚Ç¨83,Nora,(326 reviews),4.39,"['5 guests', '2 bedrooms', '3 beds', '1 bath', '\U000f0004\n326 Reviews', '\U000f0019\nVerified']"
Studio City √† 50 m√®tres du vieux Port,Entire home,‚Ç¨48,Emmanuel,(53 reviews),4.04,"['2 guests', '1 bedroom', '1 bed', '1 bath', '\U000f0004\n111 Reviews', '\U000f0019\nVerified']"
T1bis 35 m¬≤ refait √† neuf au coeur de La Rochelle,Entire home,‚Ç¨60,Virginie,(50 reviews),4.86,"['4 guests', '1 bedroom', '2 beds', '1 bath', '\U000f0004\n129 Reviews', '\U000f0019\nVerified']"
Maison √† 10 minutes du centre ville de La Rochelle,Entire home,‚Ç¨200,Marie,(65 reviews),4.35,"['10 guests', '4 bedrooms', '4 beds', '2 baths', '\U000f0004\n298 Reviews', '\U000f0019\nVerified']"
Jolie maisonnette avec terrasse. Vieux-Port √† pied,Entire home,‚Ç¨53,Guillaume Et C√©line,(26 reviews),4.85,"['3 guests', '1 bedroom', '2 beds', '1 bath', '\U000f0004\n29 Reviews', '\U000f0019\nVerified']"
R√©sidence BNB Confort La Rochelle Centre Piscine,Entire home,‚Ç¨75,R√©sidence BNB,(72 reviews),4.24,"['4 guests', '1 bedroom', '3 beds', '1 bath', '\U000f0004\n5,064 Reviews', '\U000f0019\nVerified']"
JOLI STUDIO LA ROCHELLE,Entire home,‚Ç¨65,Brigitte,(84 reviews),4.87,"['4 guests', '1 bedroom', '3 beds', '1 bath', '\U000f0004\n84 Reviews', '\U000f0019\nVerified']"
Appartement de plain-pied neuf 30 m¬≤,Entire home,‚Ç¨45,Francis,(36 reviews),4.83,"['3 guests', '2 bedrooms', '2 beds', '1 bath', '\U000f0004\n36 Reviews']"
Amazing house with garden & terrace,Entire home,‚Ç¨222,"Loic, Estelle & Co",,,"['3 guests', '2 bedrooms', '2 beds', '1 bath', '\U000f0004\n616 Reviews', '\U000f0019\nVerified']"
"Magnifique studio La Rochelle port, gare",Entire home,‚Ç¨70,Gregory,(61 reviews),4.67,"['2 guests', '1 bedroom', '1 bed', '1 bath', '\U000f0004\n67 Reviews', '\U000f0019\nVerified']"
Deux-pi√®ces cosy hypercentre.,Entire home,‚Ç¨80,V√©ronique,(23 reviews),4.87,"['4 guests', '1 bedroom', '2 beds', '1 bath', '\U000f0004\n310 Reviews', '\U000f0019\nVerified']"
Bateau hyper centre La Rochelle (OCEANIS),Entire home,‚Ç¨89,Ubblo,(91 reviews),4.52,"['4 guests', '2 bedrooms', '2 beds', 'Half-bath', '\U000f0004\n859 Reviews', '\U000f0019\nVerified']"
bateau hyper centre (PTIT CHIPO),Entire home,‚Ç¨89,Ubblo,(16 reviews),4.69,"['2 guests', '1 bedroom', '1 bed', 'Half-bath', '\U000f0004\n859 Reviews', '\U000f0019\nVerified']"
Appartement lumineux vieux port /centre-ville,Entire home,‚Ç¨95,Veronique,(39 reviews),4.77,"['2 guests', '1 bedroom', '1 bed', '1 bath', '\U000f0004\n39 Reviews', '\U000f0019\nVerified']"
Nid douillet hyper centre La Rochelle,Entire home,‚Ç¨65,V√©ronique,(57 reviews),4.72,"['2 guests', '1 bedroom', '1 bed', '1 bath', '\U000f0004\n310 Reviews', '\U000f0019\nVerified']"
Charmant Studio,Entire home,‚Ç¨70,Noel,(80 reviews),4.72,"['3 guests', '1 bedroom', '2 beds', '1 bath', '\U000f0004\n80 Reviews', '\U000f0019\nVerified']"
"Chambre ind√©pendante, entr√©e privative et parking",Entire home,‚Ç¨32,Nathalie Et Jos√©,(152 reviews),4.93,"['2 guests', '1 bedroom', '1 bed', '1 bath', '\U000f0004\n152 Reviews', '\U000f0019\nVerified']"
Appartement 2 pi√®ces proche La Rochelle et mer,Entire home,‚Ç¨30,Fabien,(137 reviews),4.28,"['2 guests', '1 bedroom', '1 bed', '1 bath', '\U000f0004\n137 Reviews', '\U000f0019\nVerified']"
La Belle Amarre.Maison d'h√¥tes.Chambre Les Mousses,Private room in bed and breakfast,‚Ç¨105,Pascale,,,"['2 guests', '1 bedroom', '1 bed', '1 private bath', '\U000f0004\n2 Reviews', '\U000f0019\nVerified']"
Agr√©able studio avec balcon parking gratuit & Wifi,Entire home,‚Ç¨51,Alexis,,,"['2 guests', '1 bedroom', '1 bed', '1 bath']"
Charmant studio au coeur de La Rochelle,Entire home,‚Ç¨30,Marie,(32 reviews),3.67,"['2 guests', '1 bedroom', '1 bed', '1 bath', '\U000f0004\n298 Reviews', '\U000f0019\nVerified']"
BIENVENUE A BORD 2,Entire home,‚Ç¨70,Marie-No√´lle,(134 reviews),4.77,"['4 guests', '2 bedrooms', '2 beds', '1 bath', '\U000f0004\n347 Reviews', '\U000f0019\nVerified']"
1 Chambre double tout confort au calme.,Private room in house,‚Ç¨32,Eric,(285 reviews),4.55,"['2 guests', '1 bedroom', '1 bed', '2 baths', '\U000f0004\n590 Reviews', '\U000f0019\nVerified']"
D√©paysant s√©jour sur un voiler pour 4,Entire home,‚Ç¨45,Fr√©d√©ric,(5 reviews),4.6,"['4 guests', '2 bedrooms', '2 beds', '1.5 baths', '\U000f0004\n483 Reviews', '\U000f0019\nVerified']"
T2 avec terrasse et vue sur piscine,Entire home,‚Ç¨45,Morgane,(59 reviews),4.45,"['4 guests', '1 bedroom', '3 beds', '1 bath', '\U000f0004\n71 Reviews', '\U000f0019\nVerified']"
Appartement - Terrasse - WIFI - Chatelaillon-plage,Entire home,‚Ç¨52,Manon,(29 reviews),4.85,"['3 guests', '1 bedroom', '1 bed', '1 bath', '\U000f0004\n76 Reviews', '\U000f0019\nVerified']"
CHAMBRE PRIV√âE CHEZ L‚ÄôHABITANT,Private room in house,‚Ç¨20,Jocelyne,(48 reviews),4.96,"['2 guests', '1 bedroom', '1 bed', '1 shared bath', '\U000f0004\n123 Reviews', '\U000f0019\nVerified']"
Maisonnette au calme et en ville!,Entire home,‚Ç¨45,Vanessa,,,"['4 guests', '1 bedroom', '2 beds', '1 bath', '\U000f0004\n1 Review', '\U000f0019\nVerified']"
Voilier de 15 m √† La Rochelle,Entire home,‚Ç¨190,Philippe,(172 reviews),4.64,"['7 guests', '4 bedrooms', '4 beds', '1 bath', '\U000f0004\n359 Reviews', '\U000f0019\nVerified']"
BIENVENUE √Ä BORD,Entire home,‚Ç¨70,Marie-No√´lle,(180 reviews),4.81,"['5 guests', '2 bedrooms', '2 beds', 'Half-bath', '\U000f0004\n347 Reviews', '\U000f0019\nVerified']"
Cabine priv√©e sur un bateau historique,Private room in boat,‚Ç¨110,Philippe,(148 reviews),4.7,"['2 guests', '1 bedroom', '1 bed', '1 private bath', '\U000f0004\n359 Reviews', '\U000f0019\nVerified']"
Grand atelier vitr√© + chambre sur jardin,Entire home,‚Ç¨56,Carole,(256 reviews),4.7,"['2 guests', '1 bedroom', '2 beds', '1 bath', '\U000f0004\n257 Reviews', '\U000f0019\nVerified']"
La p'tite maritaise du petit bois.,Entire home,‚Ç¨90,David,(84 reviews),4.9,"['3 guests', '1 bedroom', '1 bed', '1 bath', '\U000f0004\n84 Reviews', '\U000f0019\nVerified']"
Superbe appartement √† deux pas du port,Entire home,‚Ç¨35,Margaux,,,"['4 guests', '1 bedroom', '1 bed', '1.5 baths', '\U000f0004\n3 Reviews', '\U000f0019\nVerified']"
chambre ind√©pendante chez l'habitant,Private room in townhouse,‚Ç¨60,Delphine,(64 reviews),4.81,"['2 guests', '1 bedroom', '1 bed', '1 private bath', '\U000f0004\n64 Reviews', '\U000f0019\nVerified']"
Logement studio,Shared room in apartment,‚Ç¨15,Manuel,(3 reviews),5,"['1 guest', '1 bedroom', '1 bed', '1 shared bath', '\U000f0004\n3 Reviews']"
"Joli Voilier de 10m, caract√®re et esprit du large",Entire home,‚Ç¨80,Henri-No√´l,(153 reviews),4.84,"['5 guests', '2 bedrooms', '5 beds', 'Half-bath', '\U000f0004\n153 Reviews', '\U000f0019\nVerified']"
La Rochelle-l'Ile de R√© autrement....,Entire home,‚Ç¨90,Michael,(15 reviews),5,"['4 guests', '1 bedroom', '2 beds', '1 bath', '\U000f0004\n53 Reviews', '\U000f0019\nVerified']"
Appartement ancien 60 m2,Entire home,‚Ç¨75,Karine,(165 reviews),4.47,"['2 guests', '1 bedroom', '1 bed', '1 bath', '\U000f0004\n165 Reviews', '\U000f0019\nVerified']"
"Luxe, Calme, Volupt√©, mer au bout de la propri√©t√©",Entire home,‚Ç¨185,V√©ronique,,,"['3 guests', '2 bedrooms', '2 beds', '1 bath', '\U000f0004\n35 Reviews', '\U000f0019\nVerified']"
Location vacances 2 pi√®ces proche La Rochelle,Entire home,‚Ç¨50,Fabrice,(92 reviews),4.92,"['2 guests', '1 bedroom', '1 bed', '1 bath', '\U000f0004\n92 Reviews', '\U000f0019\nVerified']"
G√Æte grand confort,Entire home,‚Ç¨205,Emmanuel Et Patricia,(31 reviews),4.8,"['12 guests', '6 bedrooms', '9 beds', '3 baths', '\U000f0004\n31 Reviews']"
Au coeur de la vieille ville,Entire home,‚Ç¨140,Sami,(87 reviews),4.56,"['10 guests', '3 bedrooms', '5 beds', '1 bath', '\U000f0004\n124 Reviews', '\U000f0019\nVerified']"
Chambre √† louer,Private room in house,‚Ç¨37,Berenice,(179 reviews),4.62,"['2 guests', '1 bedroom', '1 bed', '1 shared bath', '\U000f0004\n183 Reviews', '\U000f0019\nVerified']"
APPARTEMENT *** PLAGE IMMEDIATE - PLAGE + PARKING,Entire home,‚Ç¨49,Xavier,(30 reviews),4.73,"['2 guests', '1 bedroom', '1 bed', '1 bath', '\U000f0004\n76 Reviews', '\U000f0019\nVerified']"
BIENVENUE √Ä BORD 3,Entire home,‚Ç¨75,Marie-No√´lle,(33 reviews),4.88,"['4 guests', '2 bedrooms', '2 beds', 'Half-bath', '\U000f0004\n347 Reviews', '\U000f0019\nVerified']"
Chambre priv√©e La Rochelle,Private room in townhouse,‚Ç¨36,Berenice,(4 reviews),4.5,"['2 guests', '1 bedroom', '1 bed', '1 bath', '\U000f0004\n183 Reviews', '\U000f0019\nVerified']"
MAISON PROCHE DE LA ROCHELLE 6-8 PERSONNES,Entire home,‚Ç¨80,Fabienne & David,(26 reviews),4.96,"['8 guests', '3 bedrooms', '5 beds', '2 baths', '\U000f0004\n26 Reviews', '\U000f0019\nVerified']"
CHARMANT STUDIO EN CHARENTE-MARITIME,Entire home,‚Ç¨39,Isabelle,(127 reviews),4.91,"['4 guests', '1 bedroom', '2 beds', '1 bath', '\U000f0004\n127 Reviews', '\U000f0019\nVerified']"
Bateau dans vieux port de la Rochelle (Ours brun),Entire home,‚Ç¨55,Moli,(38 reviews),4.16,"['2 guests', '1 bedroom', '2 beds', '1.5 baths', '\U000f0004\n69 Reviews', '\U000f0019\nVerified']"
Chambre √† La Rochelle,Room in hotel,‚Ç¨129,Laurent,(8 reviews),4,"['4 guests', '1 bedroom', '3 beds', '1 private bath', '\U000f0004\n58 Reviews']"
bateau 4 places parking gratuit proche ville,Entire home,‚Ç¨70,Michel,(63 reviews),4.78,"['4 guests', '2 bedrooms', '2 beds', '0 baths', '\U000f0004\n89 Reviews', '\U000f0019\nVerified']"
Cottage plain pied 2 personnes,Entire home,‚Ç¨112,Le Bois,(139 reviews),4.59,"['2 guests', '1 bedroom', '1 bed', '1 bath', '\U000f0004\n190 Reviews', '\U000f0019\nVerified']"
Appartement en duplex r√©nov√©,Entire home,‚Ç¨125,Ramadan,(4 reviews),4,"['6 guests', '3 bedrooms', '4 beds', '2 baths', '\U000f0004\n36 Reviews']"
Appartement en plein centre-ville de La Rochelle.,Entire home,‚Ç¨48,Clara,(33 reviews),4.85,"['2 guests', '1 bedroom', '1 bed', '1 bath', '\U000f0004\n33 Reviews', '\U000f0019\nVerified']"
Au 29 !!!,Entire home,‚Ç¨90,Cathy,(108 reviews),4.89,"['5 guests', '1 bedroom', '2 beds', '1 bath', '\U000f0004\n108 Reviews', '\U000f0019\nVerified']"
Walk or Bike from the old market to the port,Entire home,‚Ç¨150,Gr√©gory,(81 reviews),4.88,"['4 guests', '1 bedroom', '1 bed', '1 bath', '\U000f0004\n81 Reviews', '\U000f0019\nVerified']"
Tiny house/Chalet en bois √† 10 min de La Rochelle,Entire home,‚Ç¨60,Alexandre,(72 reviews),4.74,"['4 guests', '1 bedroom', '3 beds', '1 bath', '\U000f0004\n72 Reviews', '\U000f0019\nVerified']"
Spacieux et proche du centre historique !,Entire home,‚Ç¨130,Jonathan,,,"['6 guests', '3 bedrooms', '3 beds', '1 bath', '\U000f0004\n22 Reviews', '\U000f0019\nVerified']"
"Voilier au vieux port ,vue tours",Entire home,‚Ç¨55,Naiwen,(62 reviews),4.19,"['4 guests',  '1 bedroom', '3 beds', 'Half-bath', '\U000f0004\n147 Reviews', '\U000f0019\nVerified']"
CHAMBRE PRIV√âE CHEZ L‚ÄôHABITANT AVEC DOUCHE,Private room in house,‚Ç¨20,Jocelyne,(72 reviews),4.91,"['2 guests', '1 bedroom', '1 bed', '1 shared bath', '\U000f0004\n123 Reviews', '\U000f0019\nVerified']"
Chambre au calme L‚Äôhoumeau proche mer,Private room in bed and breakfast,‚Ç¨22,Virginie,,,"['2 guests', '1 bedroom', '1 bed', '1 shared bath', '\U000f0004\n181 Reviews', '\U000f1101\n1 Reference', '\U000f0019\nVerified']"
appart proche la Rochelle et Chatellaillon,Entire home,‚Ç¨60,Colette,(55 reviews),4.93,"['3 guests', '1 bedroom', '3 beds', '1 bath', '\U000f0004\n55 Reviews']"
CENTRE CHATELAILLON T3** AVEC COUR 100m PLAGE,Entire home,‚Ç¨85,Cyrielle,(60 reviews),4.78,"['8 guests', '2 bedrooms', '6 beds', '1 bath', '\U000f0004\n337 Reviews', '\U000f0019\nVerified']"
R√©sidence BNB Swimming Pool - Awesome view,Entire home,‚Ç¨110,R√©sidence BNB,(105 reviews),4.55,"['4 guests', '1 bedroom', '3 beds', '1 bath', '\U000f0004\n5,064 Reviews', '\U000f0019\nVerified']"
1 Chambre double tout confort au calme.,Private room in house,‚Ç¨32,Eric,(179 reviews),4.58,"['2 guests', '1 bedroom', '1 bed', '1 private bath', '\U000f0004\n590 Reviews', '\U000f0019\nVerified']"
Location d √©t√©,Entire home,‚Ç¨33,Isabelle,(24 reviews),4.46,"['2 guests', '1 bedroom', '0 beds', '0 baths', '\U000f0004\n24 Reviews']"
"Appt cosy avec parking, proche plage, vieux port",Entire home,‚Ç¨120,Frederic,(16 reviews),4.87,"['4 guests', '1 bedroom', '2 beds', '1 bath', '\U000f0004\n16 Reviews', '\U000f0019\nVerified']"
L'Emilienne,Private room in bed and breakfast,‚Ç¨63,Katia,(54 reviews),4.8,"['2 guests', '1 bedroom', '1 bed', '1 private bath', '\U000f0004\n98 Reviews']"
Maisonnette proche Ch√¢telaillon/ La Rochelle,Entire home,‚Ç¨45,Fred,(39 reviews),4.9,"['2 guests', '1 bedroom', '1 bed', '1 bath', '\U000f0004\n39 Reviews', '\U000f0019\nVerified']"
studio avec terrasse,Entire home,‚Ç¨49,Laetitia,(347 reviews),4.25,"['4 guests', '1 bedroom', '1 bed', '1 bath', '\U000f0004\n666 Reviews', '\U000f0019\nVerified']"
CHARMANTE PETITE MAISON avec patio,Entire home,‚Ç¨75,Isabelle,(126 reviews),4.35,"['2 guests', '1 bedroom', '1 bed', '1 bath', '\U000f0004\n129 Reviews', '\U000f1101\n1 Reference', '\U000f0019\nVerified']"
Petite maison proximit√© centre-ville..,Private room in house,‚Ç¨37,Claude,(6 reviews),4.33,"['1 guest', '1 bedroom', '2 beds', '1 private bath', '\U000f0004\n6 Reviews']"
Charmant Studio √† 150 m du port de Saint Martin,Entire home,‚Ç¨55,Lionel,(79 reviews),4.86,"['3 guests', '1 bedroom', '2 beds', '1 bath', '\U000f0004\n80 Reviews', '\U000f0019\nVerified']"
Chambre lumineuse chez l‚Äôhabitant,Private room in bed and breakfast,‚Ç¨23,Jocelyne,(3 reviews),5,"['2 guests', '1 bedroom', '1 bed', '1 shared bath', '\U000f0004\n123 Reviews', '\U000f0019\nVerified']"
Chambre √† 200m de la plage - Accostage H√¥tel,Room in hotel,‚Ç¨100,Guillaume,,,"['2 guests', '1 bedroom', '1 bed', '1 private bath', '\U000f0004\n1 Review']"
guest room in an artist's studio,Private room in bed and breakfast,‚Ç¨83,LiL,(202 reviews),4.9,"['2 guests', '1 bedroom', '1 bed', '1.5 baths', '\U000f0004\n202 Reviews', '\U000f0019\nVerified']"
Chambres 3 pers. La Flotte en R√©,Private room in nature lodge,‚Ç¨52,Fr√©d√©ric,(199 reviews),4.75,"['\U000f0004', '\U000f0019']"
Bateau hyper centre la Rochelle (Bourdon),Entire home,‚Ç¨55,Moli,(23 reviews),4.27,"['2 guests', '1 bedroom', '1 bed', '1 bath', '\U000f0004\n69 Reviews', '\U000f0019\nVerified']"
Appartement HYPERCENTRE Vieux Port,Entire home,‚Ç¨150,Floriane,(114 reviews),4.73,"['\U000f0004', '\U000f0019']"
Maison de vacances face plan d'eau,Entire home,‚Ç¨65,Aline,(99 reviews),4.77,"['4 guests', '2 bedrooms', '3 beds', '1 bath', '\U000f0004\n99 Reviews', '\U000f0019\nVerified']"
Nuit(s) √† quai √† bord d'une Vedette Haut Standing,Entire home,,Maxence,(43 reviews),4.62,"['6 guests', '2 bedrooms', '3 beds', '1 bath', '\U000f0004\n44 Reviews', '\U000f0019\nVerified']"
studio ind√©pendant au calme √† deux pas de la plage,Entire home,‚Ç¨60,Yannick,(114 reviews),4.74,"['2 guests', '1 bedroom', '1 bed', '1 bath', '\U000f0004\n116 Reviews', '\U000f0019\nVerified']"
Studio tout confort ind√©pendant.,Entire home,‚Ç¨55,Eric,(86 reviews),4.53,"['3 guests', '1 bedroom', '1 bed', '1 bath', '\U000f0004\n590 Reviews', '\U000f0019\nVerified']"
CHAMBRES A DEUX PAS DU CENTRE ET PLAGE,Private room in townhouse,‚Ç¨52,Cecile Et Jean,(76 reviews),4.68,"['\U000f0004', '\U000f0019']"
"Chambre d'H√¥tes "" Cosy"" Le Noro√Æt",Private room in chalet,‚Ç¨33,Catherine,(290 reviews),4.77,"['2 guests', '1 bedroom', '1 bed', '1 shared bath', '\U000f0004\n523 Reviews', '\U000f0019\nVerified']"
Chambre agr√©able au c≈ìur d'un quartier sympa,Private room in house,‚Ç¨65,Christophe,(72 reviews),4.74,"['2 guests', '1 bedroom', '1 bed', '1 shared bath', '\U000f0004\n72 Reviews']"
Chambre priv√©e proche centre ville,Private room in house,‚Ç¨36,Josiane Et Raymond,(88 reviews),4.65,"['2 guests', '1 bedroom', '1 bed', '1 private bath', '\U000f0004\n166 Reviews']"
Maison et Jardin √† 2 pas du Port -jusqu'√† 7 pers,Entire home,‚Ç¨105,St√©phanie,(66 reviews),4.7,"['7 guests', '3 bedrooms', '4 beds', '3 baths', '\U000f0004\n66 Reviews', '\U000f0019\nVerified']"
20m Plage - Maison neuve - Wifi,Entire home,‚Ç¨78,Manon,,,"['2 guests', '1 bedroom', '1 bed', '1 bath', '\U000f0004\n76 Reviews', '\U000f0019\nVerified']"
Chambre chez l'habitant de 11 m¬≤ au calme,Private room in house,‚Ç¨25,Severine,(23 reviews),4.83,"['2 guests', '1 bedroom', '1 bed', '1 shared bath', '\U000f0004\n162 Reviews', '\U000f0019\nVerified']"
ABRI COTIER DE CHARME ENTRE MER ET FORET,Entire home,‚Ç¨250,Christophe,(7 reviews),5,"['4 guests', '2 bedrooms', '2 beds', '1 bath', '\U000f0004\n51 Reviews', '\U000f0019\nVerified']"
Location de charme pour couple spa et sauna priv√©s,Entire home,‚Ç¨187,Cl√©ment,(70 reviews),4.99,"['2 guests', '1 bedroom', '1 bed', '1 bath', '\U000f0004\n104 Reviews', '\U000f0019\nVerified']"
Chambre d'H√¥tes de charme,Private room in bed and breakfast,‚Ç¨95,Luc,(48 reviews),4.98,"['2 guests', '1 bedroom', '1 bed', '1 private bath', '\U000f0004\n48 Reviews', '\U000f0019\nVerified']"
Studio √† 5 minutes du centre de La Rochelle,Entire home,‚Ç¨69,Laurence,(75 reviews),4.82,"['3 guests', '1 bedroom', '1 bed', '1 bath', '\U000f0004\n77 Reviews', '\U000f0019\nVerified']"
"Chambre pour 4 entre plage, port et ville",Private room in house,‚Ç¨60,Jean-Marie,(98 reviews),4.46,"['4 guests', '1 bedroom', '5 beds', '1 private bath', '\U000f0004\n210 Reviews', '\U000f0019\nVerified']"
Maisonnette Ind. Stationnement gratuit facile rue,Entire home,‚Ç¨60,Al,(15 reviews),4.8,"['3 guests',  '1 bedroom', '2 beds', '1 bath', '\U000f0004\n15 Reviews', '\U000f0019\nVerified']"
"Chambre d'H√¥tes ""Bord de mer"" Le Noro√Æt",Private room in house,‚Ç¨35,Catherine,(166 reviews),4.86,"['2 guests', '1 bedroom', '1 bed', '1 shared bath', '\U000f0004\n523 Reviews', '\U000f0019\nVerified']"
House with court next to the beach and La Rochelle,Entire home,‚Ç¨60,Cyrielle,(161 reviews),4.61,"['4 guests', '1 bedroom', '2 beds', '1 bath', '\U000f0004\n337 Reviews', '\U000f0019\nVerified']"
maison au calme proche de la mer,Entire home,‚Ç¨200,Benjamin,(118 reviews),4.78,"['10 guests', '5 bedrooms', '5 beds', '1 bath', '\U000f0004\n118 Reviews', '\U000f0019\nVerified']"
Maison neuve avec jardin,Entire home,‚Ç¨55,Mickael,(6 reviews),5,"['6 guests', '2 bedrooms', '3 beds', '1 bath', '\U000f0004\n17 Reviews']"
Chambre d'h√¥tel lit double,Room in boutique hotel,‚Ç¨90,Ralitsa,(8 reviews),4.25,"['2 guests', '1 bedroom', '1 bed', '1 private bath', '\U000f0004\n59 Reviews', '\U000f0019\nVerified']"
Grde chambre avec SdB & WC priv√©s 7min la rochelle,Private room in house,‚Ç¨32,Hugues,(280 reviews),4.57,"['2 guests', '1 bedroom', '1 bed', '1 shared bath', '\U000f0004\n280 Reviews', '\U000f0019\nVerified']"
Charming studio in the heart of the old town,Entire home,‚Ç¨65,Isabelle,(175 reviews),4.18,"['2 guests', '1 bedroom', '1 bed', '1 bath', '\U000f0004\n295 Reviews', '\U000f0019\nVerified']"
"Maison calme et charmante, la Rochelle proche mer",Entire home,‚Ç¨100,Marie Et,(10 reviews),4.6,"['4 guests', '2 bedrooms', '2 beds', '1 bath', '\U000f0004\n10 Reviews']"
Maison de charme spa de nage & sauna privatifs,Entire home,‚Ç¨224,Cl√©ment,(34 reviews),4.97,"['4 guests', '2 bedrooms', '3 beds', '2.5 baths', '\U000f0004\n104 Reviews', '\U000f0019\nVerified']"
T2 spacieux Proche du centre ville,Entire home,‚Ç¨65,Saliaa,(37 reviews),4.51,"['3 guests', '1 bedroom', '1 bed', '1 bath', '\U000f0004\n53 Reviews']"
La cabane au fond du jardin,Private room in guesthouse,‚Ç¨45,St√©phanie,(5 reviews),5,"['2 guests', '1 bedroom', '1 bed', '1 shared bath', '\U000f0004\n5 Reviews', '\U000f0019\nVerified']"
CENTRE CHATELAILLON GRAND LOFT ** 100m DE LA PLAGE,Entire home,‚Ç¨60,Cyrielle,(74 reviews),4.54,"['4 guests', '1 bedroom', '2 beds', '1 bath', '\U000f0004\n337 Reviews', '\U000f0019\nVerified']"
Chambre vue mer avec balcon pr√®s du Mail et Casino,Room in boutique hotel,‚Ç¨126,Samuel,,,"['2 guests', '1 bedroom', '1 bath', '\U000f0004\n1 Review', '\U000f0019\nVerified']"
Maison Sable √† Rivedoux Plage 17940,Entire home,‚Ç¨225,Ivis,(60 reviews),4.82,"['6 guests', '3 bedrooms', '4 beds', '1.5 baths', '\U000f0004\n105 Reviews', '\U000f0019\nVerified']"
Chbre 2 lits 90 avec piscine proche La Rochelle,Private room in house,‚Ç¨42,Bernadette,(12 reviews),4.92,"['2 guests', '1 bedroom', '1 bed', 'Private half-bath', '\U000f0004\n31 Reviews', '\U000f0019\nVerified']"
Amazing house with sea view & Wifi,Entire home,‚Ç¨620,"Loic, Estelle & Co",,,"['6 guests', '3 bedrooms', '3 beds', '2 baths', '\U000f0004\n69 Reviews', '\U000f0019\nVerified']"
Atlantique 1 -Hyper centre-La Rochelle,Entire home,‚Ç¨105,Isabelle,(4 reviews),5,"['4 guests', '1 bedroom', '1 bed', '1 bath', '\U000f0004\n75 Reviews', '\U000f0019\nVerified']"
Chambre ind√©pendante en fond de jardin paysager,Private room in guesthouse,‚Ç¨46,Patricia & Jean Charles,(254 reviews),4.65,"['2 guests', '1 bedroom', '1 bed', '1 private bath', '\U000f0004\n303 Reviews', '\U000f0019\nVerified']"
2-Grand logement proche centre ville,Entire home,‚Ç¨80,K√©vin,(59 reviews),4.69,"['4 guests', '2 bedrooms', '3 beds', '2 baths', '\U000f0004\n259 Reviews', '\U000f0019\nVerified']"
Chambre dans maison avec 2 chats,Private room in house,‚Ç¨30,Bastien,(14 reviews),4.71,"['2 guests', '1 bedroom', '1 bed', '1.5 shared baths', '\U000f0004\n18 Reviews', '\U000f0019\nVerified']"
CENTRE CHATELAILLON GRAND T2** AVEC COUR 100mPLAGE,Entire home,‚Ç¨65,Cyrielle,(39 reviews),4.59,"['4 guests', '1 bedroom', '1 bed', '1 bath', '\U000f0004\n337 Reviews', '\U000f0019\nVerified']"
‚òÄÔ∏èLibre comme l‚Äôair : chez Citronnelle.L√¢chez prise,Entire home,‚Ç¨100,Sandra,(137 reviews),4.61,"['2 guests', '1 bedroom', '1 bed', '1 bath', '\U000f0004\n137 Reviews', '\U000f0019\nVerified']"
La Belle Amarre.Maison d'h√¥tes.Les Cabines,Private room in bed and breakfast,‚Ç¨105,Pascale,,,"['2 guests', '1 bedroom', '1 bed', '1 private bath', '\U000f0004\n2 Reviews', '\U000f0019\nVerified']"
Studio au calme pr√®s de la plage et du Casino,Private room in serviced apartment,‚Ç¨130,Guillaume,,,"['2 guests', '1 bedroom', '1 bed', '1 private bath', '\U000f0004\n1 Review']"
chambre priv√©e,Private room in house,‚Ç¨37,Emmanuelle,(95 reviews),4.85,"['2 guests', '1 bedroom', '1 bed', '1 shared bath', '\U000f0004\n95 Reviews', '\U000f0019\nVerified']"
The small refuge in the middle of La Rochelle for 4 people,Entire home,‚Ç¨117,Franck,,,"['4 guests', '1 bedroom', '2 beds', '1 bath', '\U000f0004\n2 Reviews']"
Charmante maison √† 15min de la rochelle,Entire home,‚Ç¨100,Virginie,(92 reviews),4.58,"['6 guests', '3 bedrooms', '4 beds', '1 bath', '\U000f0004\n92 Reviews']"
Chambre d'h√¥tel lit double,Room in boutique hotel,‚Ç¨90,Ralitsa,(10 reviews),4.5,"['2 guests', '1 bedroom', '1 bed', '1 private bath', '\U000f0004\n59 Reviews', '\U000f0019\nVerified']"
HOME SWEET HOME & SPA - CHAMBRE BLUE LAGOON,Private room in bed and breakfast,‚Ç¨100,Christophe,(9 reviews),5,"['2 guests', '1 bedroom', '1 bed', '1 private bath', '\U000f0004\n13 Reviews']"
Studio 25m2 La Rochelle,Entire home,‚Ç¨55,Selen,(15 reviews),4.57,"['2 guests', '1 bedroom', '1 bed', '1 bath', '\U000f0004\n15 Reviews', '\U000f0019\nVerified']"
"Vaste maison Fouras 16 pers, 6 chambres, jacuzzi",Entire home,‚Ç¨400,Bruno,(25 reviews),4.72,"['16+ guests', '6 bedrooms', '10 beds', '2.5 baths', '\U000f0004\n25 Reviews', '\U000f0019\nVerified']"
Volver Chambre 2 sur le port,Private room in apartment,‚Ç¨23,Alejandra,(14 reviews),4.33,"['2 guests', '1 bedroom', '1 bed', '1 shared bath', '\U000f0004\n191 Reviews', '\U000f0019\nVerified']"
"Studio 24m2, parking, local √† v√©lo, terrasse",Entire home,‚Ç¨50,Karen,(12 reviews),4.67,"['2 guests', '1 bedroom', '1 bed', '1 bath', '\U000f0004\n12 Reviews']"
B & B in a Top Home,Private room in house,‚Ç¨29,Alain,(6 reviews),4.5,"['1 guest', '1 bedroom', '1 bed', '1 shared bath', '\U000f0004\n60 Reviews', '\U000f0019\nVerified']"
M5 R√©sidence BNB Confort - House with Garden,Entire home,‚Ç¨110,R√©sidence BNB,,,"['4 guests', '2 bedrooms', '2 beds', '1 bath', '\U000f0004\n5,064 Reviews', '\U000f0019\nVerified']"
Chambre bleue,Private room in house,‚Ç¨50,Richard,(101 reviews),4.85,"['2 guests', '1 bedroom', '1 bed', '1 shared bath', '\U000f0004\n101 Reviews', '\U000f0019\nVerified']"
chambre 3 : 2 lits de 90,Private room in house,‚Ç¨30,Martine,(24 reviews),4.75,"['2 guests', '1 bedroom', '2 beds', '1 bath', '\U000f0004\n57 Reviews']"
Charmante Maison de Ville avec Jardin Intime,Entire home,‚Ç¨100,Arthur,(36 reviews),4.09,"['4 guests', '1 bedroom', '1 bed', '1 bath', '\U000f0004\n36 Reviews', '\U000f0019\nVerified']"
Chambre lit King Size vue mer √©tage √©lev√© avec balcon pr√®s du Mail et du Casino,Room in boutique hotel,‚Ç¨144,Samuel,,,"['2 guests', '1 bedroom', '1 bath', '\U000f0004\n1 Review', '\U000f0019\nVerified']"
La Chambre Louise,Private room in guesthouse,‚Ç¨130,Mathieu,(4 reviews),4.75,"['2 guests', '1 bedroom', '1 bed', '1 bath', '\U000f0004\n5 Reviews']"
Mobil-Home (i3) avec terrasse priv√©e & piscines,Entire home,‚Ç¨65,Christophe,(51 reviews),4.04,"['6 guests', '2 bedrooms', '4 beds', '1 bath', '\U000f0004\n92 Reviews', '\U000f0019\nVerified']"
Bateau voilier √† quai vieux port de La Rochelle,Entire home,‚Ç¨60,Jonathan,(28 reviews),4.29,"['4 guests', '2 beds', '0 baths', '\U000f0004\n28 Reviews', '\U000f0019\nVerified']"
La Bianca-Suite-Exclusive-Ensuite-City View,Private room in bed and breakfast,‚Ç¨260,La Villa Dolce,,,"['4 guests', '1 bedroom', '4 beds', '1 bath', '\U000f0004\n1 Review', '\U000f0019\nVerified']"
Chambre,Private room in house,‚Ç¨31,Hp,(73 reviews),4.56,"['2 guests', '1 bedroom', '1 bed', '1 shared bath', '\U000f0004\n120 Reviews', '\U000f0019\nVerified']"
Bel appartement au pied des plages,Entire home,‚Ç¨63,Dominique,,,"['4 guests', '2 bedrooms', '3 beds', '1 bath', '\U000f0019\nVerified']"
CHAMBRE,Private room in house,‚Ç¨40,Loic,,,"['2 guests', '1 bedroom', '1 bed', '1 bath', '\U000f0004\n10 Reviews', '\U000f0019\nVerified']"
CORDOUAN 2 - Appart √† 2 pas du March√©,Entire home,‚Ç¨65,Pauline,(20 reviews),4.85,"['4 guests', '2 bedrooms', '3 beds', '1 bath', '\U000f0004\n27 Reviews', '\U000f0019\nVerified']"
Chambres 2 pers. La Flotte en R√©,Private room in nature lodge,‚Ç¨49,Fr√©d√©ric,(211 reviews),4.73,"['2 guests', '1 bedroom', '1 bed', '1 shared bath', '\U000f0004\n732 Reviews', '\U000f0019\nVerified']"
T2 40m2 AU CENTRE DE LA ROCHELLE DANS UN JARDIN !,Entire home,‚Ç¨50,Carine,(62 reviews),4.5,"['4 guests', '1 bedroom', '1 bed', '1 bath', '\U000f0004\n64 Reviews', '\U000f0019\nVerified']"
"G√Æte ""Les jardins de Soline"", proche La Rochelle",Entire home,‚Ç¨70,Katia Et St√©phane,(53 reviews),4.89,"['3 guests', '1 bedroom', '1 bed', '1 bath', '\U000f0004\n53 Reviews', '\U000f0019\nVerified']"
"Charmant appart. ""Aix"" - 2 pers. piscine chauff√©e",Entire home,‚Ç¨98,Laure,(32 reviews),4.69,"['2 guests', '1 bedroom', '1 bed', '1 bath', '\U000f0004\n66 Reviews', '\U000f0019\nVerified']"
La campagne en centre ville,Entire home,‚Ç¨40,Jeremie,(92 reviews),4.71,"['5 guests', '2 bedrooms', '3 beds', '1 bath', '\U000f0004\n92 Reviews', '\U000f0019\nVerified']"
Cabane camp'√©toile,Entire home,‚Ç¨30,Celine,(48 reviews),4.32,"['2 guests', '1 bed', '1 bath', '\U000f0004\n163 Reviews', '\U000f0019\nVerified']"
Campagne cin√©ma,Room in bed and breakfast,‚Ç¨133,Carine,,,"['2 guests', '1 bedroom', '1 bed', '1 bath', '\U000f0004\n51 Reviews', '\U000f0019\nVerified']"
LA MAISONNETTE DU BOIS 2 chambres Parentale,Private room in bed and breakfast,‚Ç¨100,Nathalie ET Alain,(20 reviews),4.95,"['4 guests', '2 bedrooms', '3 beds', '2.5 baths', '\U000f0004\n29 Reviews']"
Il Sole-Suite-Exclusive-Ensuite-City View,Private room in bed and breakfast,‚Ç¨260,La Villa Dolce,,,"['4 guests', '1 bedroom', '4 beds', '1 bath', '\U000f0004\n1 Review', '\U000f0019\nVerified']"
Bateau Vieux port plein centre,Entire home,‚Ç¨55,Moli,(3 reviews),4.33,"['2 guests', '1 bedroom', '3 beds', '1 bath', '\U000f0004\n69 Reviews', '\U000f0019\nVerified']"
Maison de charme plein centre historique,Entire home,‚Ç¨80,Sylvie,(44 reviews),4.77,"['4 guests', '1 bedroom', '1 bed', '1 bath', '\U000f0004\n46 Reviews', '\U000f0019\nVerified']"
Paisible studio √† 5 minutes de la plage,Entire home,‚Ç¨38,H√©l√®ne,(74 reviews),4.81,"['4 guests', '1 bedroom', '0 beds', '1 bath', '\U000f0004\n74 Reviews', '\U000f0019\nVerified']"
Chambre pour 5 entre port et ville de la Rochelle,Private room in house,‚Ç¨65,Jean-Marie,(41 reviews),4.51,"['4 guests', '1 bedroom', '3 beds', '1 private bath', '\U000f0004\n210 Reviews', '\U000f0019\nVerified']"
La Dolce-Double room-Exclusive-Ensuite with Shower-City View,Private room in bed and breakfast,‚Ç¨260,La Villa Dolce,,,"['2 guests', '1 bedroom', '2 beds', '1 bath', '\U000f0004\n1 Review', '\U000f0019\nVerified']"
"Chambre lit 160, avec piscine proche La Rochelle",Private room in house,‚Ç¨42,Bernadette,(19 reviews),4.89,"['2 guests', '1 bedroom', '1 bed', 'Private half-bath', '\U000f0004\n31 Reviews', '\U000f0019\nVerified']"
Fief des Ardennes,Private room in house,‚Ç¨55,Marie,(25 reviews),4.96,"['2 guests', '1 bedroom', '1 bed', '1 shared bath', '\U000f0004\n25 Reviews', '\U000f0019\nVerified']"
La Chambre Marie,Private room in guesthouse,‚Ç¨130,Mathieu,,,"['2 guests', '1 bedroom', '1 bed', '1 bath', '\U000f0004\n5 Reviews']"
ANNEXE PRIVATIVE DE CHARME AVEC JACUZI ET PISCINE,Private room in guesthouse,‚Ç¨160,Christophe,(44 reviews),5,"['2 guests', '1 bedroom', '1 bed', '1 shared bath', '\U000f0004\n51 Reviews', '\U000f0019\nVerified']"
"Autour d'un Puits, Family rooms",Private room in bed and breakfast,‚Ç¨58,Philippe,(17 reviews),4.76,"['5 guests', '2 bedrooms', '4 beds', '1.5 baths', '\U000f0004\n33 Reviews', '\U000f0019\nVerified']"
Maisonnette bord de mer,Entire home,‚Ç¨50,Thierry,(7 reviews),5,"['4 guests', '1 bedroom', '3 beds', '1 bath', '\U000f0004\n7 Reviews']"
Au coeur du quartier du Mail √† 300 m de la mer,Private room in house,‚Ç¨60,Lydwine,(7 reviews),5,"['2 guests', '1 bedroom', '1 bed', '1 private bath', '\U000f0004\n18 Reviews', '\U000f0019\nVerified']"
Aux portes de La Rochelle studio r√©nov√© N¬∞1,Private room in guesthouse,‚Ç¨50,Dominique,(19 reviews),4.74,"['2 guests', '1 bedroom', '1 bed', '1 private bath', '\U000f0004\n30 Reviews', '\U000f0019\nVerified']"
chambre ind√©pendante,Private room in house,‚Ç¨50,C√©cile,(33 reviews),4.91,"['2 guests', '1 bedroom', '1 bed', '1 private bath', '\U000f0004\n78 Reviews', '\U000f0019\nVerified']"
La Chambre Agla√©,Private room in guesthouse,‚Ç¨145,Mathieu,,,"['2 guests', '1 bedroom', '1 bed', '1 bath', '\U000f0004\n5 Reviews']"
Le clos du pertuis chambres d'h√¥tes,Private room in bed and breakfast,‚Ç¨65,Didier,(8 reviews),5,"['2 guests', '1 bedroom', '1 bed', '1 private bath', '\U000f0004\n8 Reviews', '\U000f0019\nVerified']"
Maison paisible avec 2 chats,Entire home,‚Ç¨95,Bastien,(4 reviews),4.75,"['6 guests', '3 bedrooms', '2 beds', '1.5 baths', '\U000f0004\n18 Reviews', '\U000f0019\nVerified']"
BNB AYTRE Residence walk from the beach,,‚Ç¨90,R√©sidence BNB,(52 reviews),4.52,"['4 guests', '2 bedrooms', '3 beds', '1 bath', '\U000f0004\n5,064 Reviews', '\U000f0019\nVerified']"
Chambre bleue dans la maison aux oiseaux,Private room in house,‚Ç¨50,Sandrine,(10 reviews),4.7,"['2 guests', '1 bedroom', '1 bed', '1 shared bath', '\U000f0004\n93 Reviews', '\U000f0019\nVerified']"
Amazing house near the beach,Entire home,‚Ç¨361,"Loic, Estelle & Co",(10 reviews),4.7,"['8 guests', '3 bedrooms', '5 beds', '1 bath', '\U000f0004\n480 Reviews', '\U000f0019\nVerified']"
"Les toits de La Rochelle, vieux march√©",Entire home,‚Ç¨75,Francois,(25 reviews),4.76,"['4 guests', '1 bedroom', '2 beds', '1 bath', '\U000f0004\n25 Reviews', '\U000f0019\nVerified']"
Studio hyper centre La Rochelle,Entire home,‚Ç¨50,Laure,(20 reviews),4.95,"['2 guests', '1 bedroom', '1 bed', '1 bath', '\U000f0004\n20 Reviews']"
Une vue magnifique sur l'ocean,Entire home,‚Ç¨110,Marie25,(14 reviews),4.21,"['4 guests', '1 bedroom', '2 beds', '1 bath', '\U000f0004\n170 Reviews', '\U000f0019\nVerified']"
2 Chambres doubles tout confort au calme.,Private room in house,‚Ç¨60,Eric,(40 reviews),4.43,"['5 guests', '2 bedrooms', '2 beds', '2 baths', '\U000f0004\n590 Reviews', '\U000f0019\nVerified']"
Chambre √† louer 1 lit 2 places √† 2km de la gare-,Private room in apartment,‚Ç¨35,Vincent,(21 reviews),4.62,"['2 guests', '1 bedroom', '1 bed', '1 shared bath', '\U000f0004\n157 Reviews', '\U000f0019\nVerified']"
Chambre √† louer 1 lit 2 places √† 2km de la gare*,Private room in apartment,‚Ç¨21,Vincent,,,"['2 guests', '1 bedroom', '1 bed', '1 shared bath', '\U000f0004\n157 Reviews', '\U000f0019\nVerified']"
Mobil home tout confort de 34m¬≤ dans Camping 3 *,Entire home,‚Ç¨90,Les Foug√®res,,,"['6 guests', '3 bedrooms', '5 beds', '1 bath', '\U000f0004\n1 Review']"
L' Emilienne ‚òÜ,Private room in bed and breakfast,‚Ç¨63,Katia,(44 reviews),4.84,"['2 guests', '1 bedroom', '1 bed', '1.5 baths', '\U000f0004\n98 Reviews']"
SUITE 2 chambres,Private room in guest suite,‚Ç¨140,Ralitsa,(17 reviews),4.5,"['4 guests', '2 bedrooms', '3 beds', '1 private bath', '\U000f0004\n59 Reviews', '\U000f0019\nVerified']"
Un cocon paisible et ensoleill√© proche du centre,Private room in townhouse,‚Ç¨35,Florence,(23 reviews),4.64,"['3 guests', '1 bedroom', '2 beds', '1.5 shared baths', '\U000f0004\n23 Reviews', '\U000f0019\nVerified']"
Port d'attache,Entire home,‚Ç¨135,Estella,(21 reviews),4.76,"['6 guests', '2 bedrooms', '4 beds', '1 bath', '\U000f0004\n21 Reviews', '\U000f0019\nVerified']"
chambre avec patio agr√©able,Private room in bed and breakfast,‚Ç¨35,Andre,(93 reviews),4.89,"['2 guests', '1 bedroom', '1 bed', '1 private bath', '\U000f0004\n149 Reviews', '\U000f0019\nVerified']"
Location chambres La Maison aux Mille Roses,Private room in house,‚Ç¨28,Farah,(25 reviews),4.81,"['2 guests', '2 bedrooms', '3 beds', '1 shared bath', '\U000f0004\n40 Reviews', '\U000f0019\nVerified']"
"Chambre, entr√©e ind√©pendante 12 km La Rochelle",Private room in bed and breakfast,‚Ç¨20,Corinne,(24 reviews),4.96,"['2 guests', '1 bedroom', '1 bed', '1 shared bath', '\U000f0004\n87 Reviews']"
"Studio, ancien couvent proche du march√©.",Entire home,‚Ç¨60,Samuel,(3 reviews),5,"['2 guests', '1 bedroom', '0 beds', '1 bath', '\U000f0004\n16 Reviews', '\U000f0019\nVerified']"
"3-Petit nid douillet, proche centre ville",Entire home,‚Ç¨80,K√©vin,(71 reviews),4.73,"['4 guests', '2 bedrooms', '3 beds', '1 bath', '\U000f0004\n259 Reviews', '\U000f0019\nVerified']"
Centre Chatelaillon-plage chambre dans appartement,Private room in apartment,‚Ç¨32,Yann And Jessica,(48 reviews),4.77,"['2 guests', '1 bedroom', '1 bed', '1 shared bath', '\U000f0004\n50 Reviews', '\U000f0019\nVerified']"
"Charmant appart. ""R√©"", 2-4 pers., piscine chauff√©e",Entire home,‚Ç¨125,Laure,(25 reviews),4.88,"['4 guests', '1 bedroom', '2 beds', '1 bath', '\U000f0004\n66 Reviews', '\U000f0019\nVerified']"
chambre d'h√¥tes familial 2 √† 4 +petit Dej +plage,Entire home,‚Ç¨65,Sylvette,(73 reviews),4.72,"['4 guests', '2 bedrooms', '3 beds', '1.5 baths', '\U000f0004\n73 Reviews', '\U000f0019\nVerified']"
Amazing house near the beach & Wifi,Entire home,‚Ç¨269,"Loic, Estelle & Co",,,"['4 guests', '2 bedrooms', '3 beds', '1 bath', '\U000f0004\n19 Reviews', '\U000f0019\nVerified']"
LA ROCHELLE Campagne Petite MAISON & Grand JARDIN,Entire home,‚Ç¨50,C√©line & Fred,(5 reviews),4.8,"['4 guests', '1 bedroom', '2 beds', '1 bath', '\U000f0004\n39 Reviews', '\U000f0019\nVerified']"
Bateau hyper centre La Rochelle (SONA),Entire home,‚Ç¨139,Ubblo,(13 reviews),4.62,"['4 guests', '2 bedrooms', '2 beds', 'Half-bath', '\U000f0004\n859 Reviews', '\U000f0019\nVerified']"
Holiday House - Fouras,Entire home,‚Ç¨95,Christophe,(92 reviews),4.36,"['12 guests', '5 bedrooms', '7 beds', '1 bath', '\U000f0004\n162 Reviews', '\U000f1101\n2 References', '\U000f0019\nVerified']"
Appartement 50m2 dans maison proche La Rochelle,Private room in house,‚Ç¨65,B√©atrice,(26 reviews),5,"['2 guests', '1 bedroom', '1 bed', '1 private bath', '\U000f0004\n26 Reviews', '\U000f0019\nVerified']"
Appartement 42m2 10minutes du centre ville,Entire home,‚Ç¨104,Mel,(23 reviews),4.61,"['4 guests', '1 bedroom', '2 beds', '1 bath', '\U000f0004\n23 Reviews', '\U000f0019\nVerified']"
"üè† , 5 min des plages,10 de ile de R√©",Entire home,‚Ç¨85,Magali,,,"['16+ guests', '3 bedrooms', '4 beds', '1 bath', '\U000f0004\n2 Reviews']"
Chambre d'h√¥te chaleureuse,Private room in house,‚Ç¨40,Carole,(12 reviews),4.75,"['2 guests', '1 bedroom', '1 bed', '1 shared bath', '\U000f0004\n26 Reviews', '\U000f0019\nVerified']"
"Appartement 50m2 de standing, centre la Rochelle.",Entire home,‚Ç¨250,Loic,(12 reviews),4.5,"['2 guests', '1 bedroom', '1 bed', '1 bath', '\U000f0004\n12 Reviews', '\U000f0019\nVerified']"
Chez Thierry et Jean-Michel,Private room in house,‚Ç¨35,Jean Michel Et Thierry,(37 reviews),5,"['2 guests', '1 bedroom', '1 bed', '1 shared bath', '\U000f0004\n37 Reviews']"
Chambre dans Maison bis √† Rivedoux Plage Ile De R√©,Private room in house,‚Ç¨39,Jean,(34 reviews),4.73,"['2 guests', '1 bedroom', '1 bed', '1 shared bath', '\U000f0004\n106 Reviews']"
D√©pendance au calme absolu avec salle d'eau priv√©e,Private room in house,‚Ç¨45,G√©raldine,,,"['2 guests', '1 bedroom', '1 bed', '1 private bath', '\U000f0004\n2 Reviews', '\U000f0019\nVerified']"
"Appartement T2 4pers, √† 100 m√®tres du vieux port",Entire home,‚Ç¨150,Kevin,,,"['4 guests', '1 bedroom', '1 bed', '1 bath']"
"Camp'√©toile DUO, cabane famille",Entire home,‚Ç¨45,Celine,(25 reviews),4.44,"['4 guests', '2 bedrooms', '2 beds', 'Half-bath', '\U000f0004\n163 Reviews', '\U000f0019\nVerified']"
Chambre agr√©able en pleine campagne,Private room in bed and breakfast,‚Ç¨37,Myriam,(93 reviews),4.9,"['5 guests', '2 bedrooms', '3 beds', '1 shared bath', '\U000f0004\n93 Reviews', '\U000f0019\nVerified']"
Cottage tout confort 4 personnes,Entire home,‚Ç¨148,Le Bois,(34 reviews),4.31,"['4 guests', '2 bedrooms', '3 beds', '1 bath', '\U000f0004\n190 Reviews', '\U000f0019\nVerified']"
Deux pi√®ces au coeur de La Rochelle,Entire home,‚Ç¨40,Eric,(69 reviews),4.51,"['3 guests', '1 bedroom', '2 beds', '1 bath', '\U000f0004\n69 Reviews', '\U000f0019\nVerified']"
Jolie chambre romantique centre ville La Rochelle,,‚Ç¨49,Lina,,,"['2 guests', '1 bedroom', '3 beds', '1 private bath', '\U000f0004\n3 Reviews']"
LODGE Aliz√©e 2 chambres 2 salles de bains,,‚Ç¨135,Au Petit Port,(3 reviews),4,"['4 guests', '2 bedrooms', '3 beds', '2 baths', '\U000f0004\n19 Reviews']"
Chambre aux portes de La Rochelle (1),Private room in house,‚Ç¨49,Nadia,(53 reviews),4.94,"['2 guests', '1 bedroom', '1 bed', '1 shared bath', '\U000f0004\n154 Reviews', '\U000f0019\nVerified']"
"Chambre ""La Sardinerie"" √Æle de R√©",Private room in nature lodge,‚Ç¨50,Fr√©d√©ric,(161 reviews),4.59,"['2 guests', '1 bedroom', '1 bed', '1 private bath', '\U000f0004\n732 Reviews', '\U000f0019\nVerified']"
Mobil home tout confort de 32m¬≤ dans Camping 3 *,Entire home,‚Ç¨100,Les Foug√®res,,,"['4 guests', '2 bedrooms', '3 beds', '2 baths', '\U000f0004\n1 Review']"
Chambre ind√©pendante + petit d√©j dans grande Villa,Private room in villa,‚Ç¨42,Emmanuel,,,"['2 guests', '1 bedroom', '1 bed', '1 private bath', '\U000f0004\n2 Reviews', '\U000f0019\nVerified']"
Twin vue mer avec balcon pr√®s du Mail et du Casino,Room in boutique hotel,‚Ç¨130,Samuel,,,"['2 guests', '1 bedroom', '1 bath', '\U000f0004\n1 Review', '\U000f0019\nVerified']"
Chambre (4) 30m¬≤ dans Villa face au port,Room in boutique hotel,‚Ç¨199,Villa De L'√âclusier,,,"['2 guests', '1 bedroom', '2 beds', '1 bath', '\U000f0004\n12 Reviews', '\U000f0019\nVerified']"
Laissez vous bercer par les flots #Plage √† 100m..,Entire home,,Florent,(3 reviews),5,"['4 guests', '2 bedrooms', '2 beds', '1.5 baths', '\U000f0004\n3 Reviews', '\U000f0019\nVerified']"
Chambre C dans grand appartement,Private room in apartment,‚Ç¨24,Alain,(20 reviews),4.85,"['2 guests', '1 bedroom', '2 beds', '1 shared bath', '\U000f0004\n77 Reviews', '\U000f0019\nVerified']"
bateau (10 metres)port minimes,Entire home,‚Ç¨55,Moli,,,"['3 guests', '1 bedroom', '2 beds', '1.5 baths', '\U000f0004\n69 Reviews', '\U000f0019\nVerified']"
Studio aux portes de La Rochelle,Entire home,‚Ç¨55,Alexia,(33 reviews),4.97,"['4 guests', '1 bedroom', '0 beds', '1 bath', '\U000f0004\n33 Reviews', '\U000f0019\nVerified']"
"THE LITTLE GREEN FISH, La Rochelle next to",Entire home,‚Ç¨68,Will Et Cellou,(98 reviews),4.43,"['5 guests', '1 bedroom', '2 beds', '1 bath', '\U000f0004\n104 Reviews', '\U000f0019\nVerified']"
Atlantic Coast Maisonnette,Entire home,‚Ç¨59,Sabrina,(69 reviews),4.61,"['2 guests', '1 bedroom', '1 bed', '1 bath', '\U000f0004\n69 Reviews', '\U000f0019\nVerified']"
STUDIO TOUT CONFORT,Private room in guest suite,‚Ç¨110,Ralitsa,(5 reviews),5,"['2 guests', '1 bedroom', '1 bed', '1 private bath', '\U000f0004\n59 Reviews', '\U000f0019\nVerified']"
"Chambre cot√© cour avec balcon, donne acc√®s √† notre terrasse face mer",Room in boutique hotel,‚Ç¨109,Samuel,,,"['2 guests', '1 bedroom', '1 bath', '\U000f0004\n1 Review', '\U000f0019\nVerified']"
Chambre priv√©e sur jardin 15 MIN de la ROCHELLE,Room in bed and breakfast,‚Ç¨65,Alyette,(14 reviews),4.86,"['2 guests', '1 bedroom', '1 bed', '1 bath', '\U000f0004\n65 Reviews', '\U000f1101\n1 Reference', '\U000f0019\nVerified']"
Studio neuf avec pisicne EN PLEIN CENTRE,Entire home,‚Ç¨70,C√©dric,,,"['4 guests', '1 bedroom', '2 beds', '1 bath']"
Chambre vue mer √©tage √©lev√© avec balcon pr√®s du Mail et du Casino,Room in boutique hotel,‚Ç¨135,Samuel,,,"['2 guests', '1 bedroom', '1 bath', '\U000f0004\n1 Review', '\U000f0019\nVerified']"
Chambre de charme Caza 1 petit d√©jeuner inclus,Private room in bed and breakfast,‚Ç¨136,Marion Et Christophe,,,"['4 guests', '1 bedroom', '2 beds', '1 private bath', '\U000f0004\n31 Reviews', '\U000f0019\nVerified']"
Chambre cosy,Private room in bed and breakfast,‚Ç¨27,Caroline,,,"['2 guests', '1 bedroom', '1 bed', '1 shared bath', '\U000f0004\n31 Reviews']"
VILLA D'EXCEPTION,Entire home,‚Ç¨586,Francois,,,"['12 guests', '5 bedrooms', '8 beds', '4 baths', '\U000f0004\n98 Reviews', '\U000f0019\nVerified']"
Chambre aux portes de La Rochelle (1),Private room in house,‚Ç¨49,Nadia,(53 reviews),4.94,"['2 guests', '1 bedroom', '1 bed', '1 shared bath', '\U000f0004\n154 Reviews', '\U000f0019\nVerified']"
"Chambre ""La Sardinerie"" √Æle de R√©",Private room in nature lodge,‚Ç¨50,Fr√©d√©ric,(161 reviews),4.59,"['2 guests', '1 bedroom', '1 bed', '1 private bath', '\U000f0004\n732 Reviews', '\U000f0019\nVerified']"
Mobil home tout confort de 32m¬≤ dans Camping 3 *,Entire home,‚Ç¨100,Les Foug√®res,,,"['4 guests', '2 bedrooms', '3 beds', '2 baths', '\U000f0004\n1 Review']"
Chambre ind√©pendante + petit d√©j dans grande Villa,Private room in villa,‚Ç¨42,Emmanuel,,,"['2 guests', '1 bedroom', '1 bed', '1 private bath', '\U000f0004\n2 Reviews', '\U000f0019\nVerified']"
Twin vue mer avec balcon pr√®s du Mail et du Casino,Room in boutique hotel,‚Ç¨130,Samuel,,,"['2 guests', '1 bedroom', '1 bath', '\U000f0004\n1 Review', '\U000f0019\nVerified']"
Chambre (4) 30m¬≤ dans Villa face au port,Room in boutique hotel,‚Ç¨199,Villa De L'√âclusier,,,"['2 guests', '1 bedroom', '2 beds', '1 bath', '\U000f0004\n12 Reviews', '\U000f0019\nVerified']"
Laissez vous bercer par les flots #Plage √† 100m..,Entire home,,Florent,(3 reviews),5,"['4 guests', '2 bedrooms', '2 beds', '1.5 baths', '\U000f0004\n3 Reviews', '\U000f0019\nVerified']"
Chambre C dans grand appartement,Private room in apartment,‚Ç¨24,Alain,(20 reviews),4.85,"['2 guests', '1 bedroom', '2 beds', '1 shared bath', '\U000f0004\n77 Reviews', '\U000f0019\nVerified']"
bateau (10 metres)port minimes,Entire home,‚Ç¨55,Moli,,,"['3 guests', '1 bedroom', '2 beds', '1.5 baths', '\U000f0004\n69 Reviews', '\U000f0019\nVerified']"
Studio aux portes de La Rochelle,Entire home,‚Ç¨55,Alexia,(33 reviews),4.97,"['4 guests', '1 bedroom', '0 beds', '1 bath', '\U000f0004\n33 Reviews', '\U000f0019\nVerified']"
"THE LITTLE GREEN FISH, La Rochelle next to",Entire home,‚Ç¨68,Will Et Cellou,(98 reviews),4.43,"['5 guests', '1 bedroom', '2 beds', '1 bath', '\U000f0004\n104 Reviews', '\U000f0019\nVerified']"
Atlantic Coast Maisonnette,Entire home,‚Ç¨59,Sabrina,(69 reviews),4.61,"['2 guests', '1 bedroom', '1 bed', '1 bath', '\U000f0004\n69 Reviews', '\U000f0019\nVerified']"
STUDIO TOUT CONFORT,Private room in guest suite,‚Ç¨110,Ralitsa,(5 reviews),5,"['2 guests', '1 bedroom', '1 bed', '1 private bath', '\U000f0004\n59 Reviews', '\U000f0019\nVerified']"
"Chambre cot√© cour avec balcon, donne acc√®s √† notre terrasse face mer",Room in boutique hotel,‚Ç¨109,Samuel,,,"['2 guests', '1 bedroom', '1 bath', '\U000f0004\n1 Review', '\U000f0019\nVerified']"
Chambre priv√©e sur jardin 15 MIN de la ROCHELLE,Room in bed and breakfast,‚Ç¨65,Alyette,(14 reviews),4.86,"['2 guests', '1 bedroom', '1 bed', '1 bath', '\U000f0004\n65 Reviews', '\U000f1101\n1 Reference', '\U000f0019\nVerified']"
Studio neuf avec pisicne EN PLEIN CENTRE,Entire home,‚Ç¨70,C√©dric,,,"['4 guests', '1 bedroom', '2 beds', '1 bath']"
Chambre vue mer √©tage √©lev√© avec balcon pr√®s du Mail et du Casino,Room in boutique hotel,‚Ç¨135,Samuel,,,"['2 guests', '1 bedroom', '1 bath', '\U000f0004\n1 Review', '\U000f0019\nVerified']"
Chambre de charme Caza 1 petit d√©jeuner inclus,Private room in bed and breakfast,‚Ç¨136,Marion Et Christophe,,,"['4 guests', '1 bedroom', '2 beds', '1 private bath', '\U000f0004\n31 Reviews', '\U000f0019\nVerified']"
Chambre cosy,Private room in bed and breakfast,‚Ç¨27,Caroline,,,"['2 guests', '1 bedroom', '1 bed', '1 shared bath', '\U000f0004\n31 Reviews']"
VILLA D'EXCEPTION,Entire home,‚Ç¨586,Francois,,,"['12 guests', '5 bedrooms', '8 beds', '4 baths', '\U000f0004\n98 Reviews', '\U000f0019\nVerified']"
Chambre aux portes de La Rochelle (1),Private room in house,‚Ç¨49,Nadia,(53 reviews),4.94,"['2 guests', '1 bedroom', '1 bed', '1 shared bath', '\U000f0004\n154 Reviews', '\U000f0019\nVerified']"
"Chambre ""La Sardinerie"" √Æle de R√©",Private room in nature lodge,‚Ç¨50,Fr√©d√©ric,(161 reviews),4.59,"['2 guests', '1 bedroom', '1 bed', '1 private bath', '\U000f0004\n732 Reviews', '\U000f0019\nVerified']"
Mobil home tout confort de 32m¬≤ dans Camping 3 *,Entire home,‚Ç¨100,Les Foug√®res,,,"['4 guests', '2 bedrooms', '3 beds', '2 baths', '\U000f0004\n1 Review']"
Chambre ind√©pendante + petit d√©j dans grande Villa,Private room in villa,‚Ç¨42,Emmanuel,,,"['2 guests', '1 bedroom', '1 bed', '1 private bath', '\U000f0004\n2 Reviews', '\U000f0019\nVerified']"
Twin vue mer avec balcon pr√®s du Mail et du Casino,Room in boutique hotel,‚Ç¨130,Samuel,,,"['2 guests', '1 bedroom', '1 bath', '\U000f0004\n1 Review', '\U000f0019\nVerified']"
Chambre (4) 30m¬≤ dans Villa face au port,Room in boutique hotel,‚Ç¨199,Villa De L'√âclusier,,,"['2 guests', '1 bedroom', '2 beds', '1 bath', '\U000f0004\n12 Reviews', '\U000f0019\nVerified']"
Laissez vous bercer par les flots #Plage √† 100m..,Entire home,,Florent,(3 reviews),5,"['4 guests', '2 bedrooms', '2 beds', '1.5 baths', '\U000f0004\n3 Reviews', '\U000f0019\nVerified']"
Chambre C dans grand appartement,Private room in apartment,‚Ç¨24,Alain,(20 reviews),4.85,"['2 guests', '1 bedroom', '2 beds', '1 shared bath', '\U000f0004\n77 Reviews', '\U000f0019\nVerified']"
bateau (10 metres)port minimes,Entire home,‚Ç¨55,Moli,,,"['3 guests', '1 bedroom', '2 beds', '1.5 baths', '\U000f0004\n69 Reviews', '\U000f0019\nVerified']"
Studio aux portes de La Rochelle,Entire home,‚Ç¨55,Alexia,(33 reviews),4.97,"['4 guests', '1 bedroom', '0 beds', '1 bath', '\U000f0004\n33 Reviews', '\U000f0019\nVerified']"
"THE LITTLE GREEN FISH, La Rochelle next to",Entire home,‚Ç¨68,Will Et Cellou,(98 reviews),4.43,"['5 guests', '1 bedroom', '2 beds', '1 bath', '\U000f0004\n104 Reviews', '\U000f0019\nVerified']"
Atlantic Coast Maisonnette,Entire home,‚Ç¨59,Sabrina,(69 reviews),4.61,"['2 guests', '1 bedroom', '1 bed', '1 bath', '\U000f0004\n69 Reviews', '\U000f0019\nVerified']"
STUDIO TOUT CONFORT,Private room in guest suite,‚Ç¨110,Ralitsa,(5 reviews),5,"['2 guests', '1 bedroom', '1 bed', '1 private bath', '\U000f0004\n59 Reviews', '\U000f0019\nVerified']"
"Chambre cot√© cour avec balcon, donne acc√®s √† notre terrasse face mer",Room in boutique hotel,‚Ç¨109,Samuel,,,"['2 guests', '1 bedroom', '1 bath', '\U000f0004\n1 Review', '\U000f0019\nVerified']"
Chambre priv√©e sur jardin 15 MIN de la ROCHELLE,Room in bed and breakfast,‚Ç¨65,Alyette,(14 reviews),4.86,"['2 guests', '1 bedroom', '1 bed', '1 bath', '\U000f0004\n65 Reviews', '\U000f1101\n1 Reference', '\U000f0019\nVerified']"
Studio neuf avec pisicne EN PLEIN CENTRE,Entire home,‚Ç¨70,C√©dric,,,"['4 guests', '1 bedroom', '2 beds', '1 bath']"
Chambre vue mer √©tage √©lev√© avec balcon pr√®s du Mail et du Casino,Room in boutique hotel,‚Ç¨135,Samuel,,,"['2 guests', '1 bedroom', '1 bath', '\U000f0004\n1 Review', '\U000f0019\nVerified']"
Chambre de charme Caza 1 petit d√©jeuner inclus,Private room in bed and breakfast,‚Ç¨136,Marion Et Christophe,,,"['4 guests', '1 bedroom', '2 beds', '1 private bath', '\U000f0004\n31 Reviews', '\U000f0019\nVerified']"
Chambre cosy avec jardin,Private room in house,‚Ç¨39,St√©phanie,(250 reviews),4.66,"['2 guests', '1 bedroom', '1 bed', '1 private bath', '\U000f0004\n253 Reviews', '\U000f0019\nVerified']"
Appartement au c≈ìur de La Rochelle.,Entire home,‚Ç¨90,Camille,(26 reviews),4.92,"['4 guests', '1 bedroom', '2 beds', '1 bath', '\U000f0004\n26 Reviews']"
Chambre ind√©pendante centre dompierre sur mer,Private room in guest suite,‚Ç¨50,Sabrina,(4 reviews),5,"['3 guests', '1 bedroom', '2 beds', '1 private bath', '\U000f0004\n4 Reviews', '\U000f0019\nVerified']"
Magnifique Duplex en plein c≈ìur du village,Entire home,‚Ç¨220,Melissa,(27 reviews),4.85,"['5 guests', '2 bedrooms', '3 beds', '1 bath', '\U000f0004\n154 Reviews', '\U000f0019\nVerified']"
Bateau vieux port (Moonflower),Entire home,‚Ç¨55,Moli,,,"['2 guests', '1 bedroom', '3 beds', '1 bath', '\U000f0004\n70 Reviews', '\U000f0019\nVerified']"
Chambre chez l‚Äôhabitant,Private room in house,‚Ç¨35,Martine,,,"['2 guests', '1 bedroom', '1 bed', '1 bath', '\U000f0004\n3 Reviews']"
Ptit coin de Paradis 5' La Rochelle,Private room in house,‚Ç¨44,Gilles,(97 reviews),4.84,"['2 guests', '1 bedroom', '1 bed', '1 private bath', '\U000f0004\n97 Reviews', '\U000f0019\nVerified']"
"studio proche centre ville, ideal pour couple",Entire home,‚Ç¨55,Maryse,(53 reviews),4.65,"['2 guests', '1 bedroom', '1 bed', '1 bath', '\U000f0004\n53 Reviews']"
Chambres Mi y√®me zot case acc√®s Jacuzzi,Private room in house,‚Ç¨106,Nid Douillet,(30 reviews),4.9,"['9 guests', '3 bedrooms', '7 beds', '1 private bath', '\U000f0004\n96 Reviews', '\U000f0019\nVerified']"
Maison au calme ind√©pendante √† La Rochelle,Entire home,‚Ç¨65,Amira,,,"['5 guests', '2 bedrooms', '2 beds', '1 bath', '\U000f0004\n13 Reviews', '\U000f0019\nVerified']"
Chambre √† 15-20 min de La Rochelle,Private room in house,‚Ç¨30,Victoria,(68 reviews),4.63,"['2 guests', '1 bedroom', '1 bed', '1.5 shared baths', '\U000f0004\n68 Reviews', '\U000f0019\nVerified']"
Des vacances responsables et apaisantes,Entire home,‚Ç¨110,Anthony,(43 reviews),4.84,"['6 guests', '3 bedrooms', '2 beds', '1 bath', '\U000f0004\n43 Reviews']"
Chambre d'h√¥tel lit double,Room in boutique hotel,‚Ç¨90,Ralitsa,(7 reviews),4,"['2 guests', '1 bedroom', '1 bed', '1 private bath', '\U000f0004\n59 Reviews', '\U000f0019\nVerified']"
LA GRANGE ET LA TREILLE (english ok),Entire home,‚Ç¨250,Andy,,,"['16+ guests', '5 bedrooms', '10 beds', '4 baths', '\U000f0004\n20 Reviews', '\U000f0019\nVerified']"
L'Authentique de 1841,Private room in bed and breakfast,‚Ç¨50,Lydie,(8 reviews),5,"['3 guests', '1 bedroom', '2 beds', '1 private bath', '\U000f0004\n10 Reviews', '\U000f0019\nVerified']"
Chambre avec vue sur le port (Ch.1),Private room in apartment,‚Ç¨34,Alejandra,(36 reviews),4.32,"['2 guests', '1 bedroom', '1 bed', '1 shared bath', '\U000f0004\n191 Reviews', '\U000f0019\nVerified']"
Mobil home tout confort de 34m¬≤ dans Camping 3,Entire home,‚Ç¨89,Les Foug√®res,,,"['6 guests', '3 bedrooms', '5 beds', '1 bath', '\U000f0004\n1 Review']"
COUETTE ET CAFE,Private room in bed and breakfast,‚Ç¨69,Eric,,,"['2 guests', '1 bedroom', '1 bed', '1 private bath']"
appartement cosy avec terrasse et jardin.,Entire home,‚Ç¨31,Michelle,,,"['4 guests', '1 bedroom', '1 bed', '1 bath', '\U000f0019\nVerified']"
Chambre cosy,Private room in bed and breakfast,‚Ç¨27,Caroline,,,"['2 guests', '1 bedroom', '1 bed', '1 shared bath', '\U000f0004\n31 Reviews']"
VILLA D'EXCEPTION,Entire home,‚Ç¨586,Francois,,,"['12 guests', '5 bedrooms', '8 beds', '4 baths', '\U000f0004\n98 Reviews', '\U000f0019\nVerified']"
